{
    "bot": {
        "id": "655d55cd7157c574e4eff799",
        "name": "gpt-mybot001"
    },
    "intent": {
        "id": "655d55cd7157c574e4eff79d",
        "name": "폴백 블록",
        "extra": {
            "reason": {
                "code": 1,
                "message": "OK"
            }
        }
    },
    "action": {
        "id": "655d5b96cb76d42cb2918b91",
        "name": "GPT QA",
        "params": {},
        "detailParams": {},
        "clientExtra": {}
    },
    "userRequest": {
        "block": {
            "id": "655d55cd7157c574e4eff79d",
            "name": "폴백 블록"
        },
        "user": {
            "id": "aaf03662712ca102ab1b01f35432f7d454be29ca080171f4e89a9a0ea3ca10d165",
            "type": "botUserKey",
            "properties": {
                "botUserKey": "aaf03662712ca102ab1b01f35432f7d454be29ca080171f4e89a9a0ea3ca10d165",
                "plusfriendUserKey": "AUuFSwx740RH",
                "bot_user_key": "aaf03662712ca102ab1b01f35432f7d454be29ca080171f4e89a9a0ea3ca10d165",
                "plusfriend_user_key": "AUuFSwx740RH"
            }
        },
        "utterance": "망했다!!!!",
        "params": {
            "surface": "Kakaotalk.plusfriend"
        },
        "lang": "ko",
        "timezone": "Asia/Seoul"
    },
    "contexts": []
}